<environmentvariabledefinition schemaname="natiturt_QualityAssuranceEnvironmentID">
  <defaultvalue>d15a056f-ba5e-eb82-8214-6262ebf51051</defaultvalue>
  <description default="The environment ID for your QA Environment">
    <label description="The environment ID for your QA Environment" languagecode="1033" />
  </description>
  <displayname default="Quality Assurance Environment ID">
    <label description="Quality Assurance Environment ID" languagecode="1033" />
  </displayname>
  <introducedversion>1.0.0.0</introducedversion>
  <iscustomizable>1</iscustomizable>
  <isrequired>0</isrequired>
  <secretstore>0</secretstore>
  <type>100000000</type>
</environmentvariabledefinition>